country,year,sex,age,suicides_no,population,suicides/100k pop,gdp_for_year ($),gdp_per_capita ($)
Albania,1987,male,15-24 years,21,312900,6.71,"2,156,624,900",796
Albania,1987,male,35-54 years,16,308000,5.19,"2,156,624,900",796
Albania,1987,female,15-24 years,14,289700,4.83,"2,156,624,900",796
Albania,1987,male,75+ years,1,21800,4.59,"2,156,624,900",796
Albania,1987,male,25-34 years,9,274300,3.28,"2,156,624,900",796
Albania,1987,female,75+ years,1,35600,2.81,"2,156,624,900",796
Albania,1987,female,35-54 years,6,278800,2.15,"2,156,624,900",796
Albania,1987,female,25-34 years,4,257200,1.56,"2,156,624,900",796
Albania,1987,male,55-74 years,1,137500,0.73,"2,156,624,900",796
Albania,1987,female,5-14 years,0,311000,0,"2,156,624,900",796
Albania,1987,female,55-74 years,0,144600,0,"2,156,624,900",796
Albania,1987,male,5-14 years,0,338200,0,"2,156,624,900",796
Albania,1988,female,75+ years,2,36400,5.49,"2,126,000,000",769
Albania,1988,male,15-24 years,17,319200,5.33,"2,126,000,000",769
Albania,1988,male,75+ years,1,22300,4.48,"2,126,000,000",769
Albania,1988,male,35-54 years,14,314100,4.46,"2,126,000,000",769
Albania,1988,male,55-74 years,4,140200,2.85,"2,126,000,000",769
Albania,1988,female,15-24 years,8,295600,2.71,"2,126,000,000",769
Albania,1988,female,55-74 years,3,147500,2.03,"2,126,000,000",769
Albania,1988,female,25-34 years,5,262400,1.91,"2,126,000,000",769
Albania,1988,male,25-34 years,5,279900,1.79,"2,126,000,000",769
Albania,1988,female,35-54 years,4,284500,1.41,"2,126,000,000",769
Albania,1988,female,5-14 years,0,317200,0,"2,126,000,000",769
Albania,1988,male,5-14 years,0,345000,0,"2,126,000,000",769
Albania,1989,male,75+ years,2,22500,8.89,"2,335,124,988",833
Albania,1989,male,25-34 years,18,283600,6.35,"2,335,124,988",833
Albania,1989,male,35-54 years,15,318400,4.71,"2,335,124,988",833
Albania,1989,male,55-74 years,6,142100,4.22,"2,335,124,988",833
Albania,1989,male,15-24 years,12,323500,3.71,"2,335,124,988",833
Albania,1989,female,35-54 years,7,288600,2.43,"2,335,124,988",833
Albania,1989,female,15-24 years,5,299900,1.67,"2,335,124,988",833
Albania,1989,female,25-34 years,2,266300,0.75,"2,335,124,988",833
Albania,1989,female,55-74 years,1,149600,0.67,"2,335,124,988",833
Albania,1989,female,5-14 years,0,321900,0,"2,335,124,988",833
Albania,1989,female,75+ years,0,37000,0,"2,335,124,988",833
Albania,1989,male,5-14 years,0,349700,0,"2,335,124,988",833
Albania,1992,male,35-54 years,12,343800,3.49,"709,452,584",251
Albania,1992,male,15-24 years,9,263700,3.41,"709,452,584",251
Albania,1992,male,55-74 years,5,159500,3.13,"709,452,584",251
Albania,1992,male,25-34 years,7,245500,2.85,"709,452,584",251
Albania,1992,female,15-24 years,7,292400,2.39,"709,452,584",251
Albania,1992,female,25-34 years,4,267400,1.5,"709,452,584",251
Albania,1992,female,35-54 years,2,323100,0.62,"709,452,584",251
Albania,1992,female,55-74 years,1,164900,0.61,"709,452,584",251
Albania,1992,female,5-14 years,0,336700,0,"709,452,584",251
Albania,1992,female,75+ years,0,38700,0,"709,452,584",251
Albania,1992,male,5-14 years,0,362900,0,"709,452,584",251
Albania,1992,male,75+ years,0,23900,0,"709,452,584",251
Albania,1993,male,15-24 years,18,243300,7.4,"1,228,071,038",437
Albania,1993,male,55-74 years,7,165000,4.24,"1,228,071,038",437
Albania,1993,male,75+ years,1,24200,4.13,"1,228,071,038",437
Albania,1993,male,25-34 years,9,230100,3.91,"1,228,071,038",437
Albania,1993,female,15-24 years,10,285300,3.51,"1,228,071,038",437
Albania,1993,male,35-54 years,10,350300,2.85,"1,228,071,038",437
Albania,1993,female,25-34 years,7,261800,2.67,"1,228,071,038",437
Albania,1993,female,35-54 years,7,331200,2.11,"1,228,071,038",437
Albania,1993,female,55-74 years,2,169500,1.18,"1,228,071,038",437
Albania,1993,female,5-14 years,1,340300,0.29,"1,228,071,038",437
Albania,1993,male,5-14 years,1,367000,0.27,"1,228,071,038",437
Albania,1993,female,75+ years,0,39300,0,"1,228,071,038",437
Albania,1994,male,75+ years,2,24600,8.13,"1,985,673,798",697
Albania,1994,male,55-74 years,11,171400,6.42,"1,985,673,798",697
Albania,1994,female,75+ years,2,39900,5.01,"1,985,673,798",697
Albania,1994,male,25-34 years,6,231400,2.59,"1,985,673,798",697
Albania,1994,male,35-54 years,9,362800,2.48,"1,985,673,798",697
Albania,1994,male,15-24 years,6,242200,2.48,"1,985,673,798",697
Albania,1994,female,15-24 years,6,282600,2.12,"1,985,673,798",697
Albania,1994,female,25-34 years,4,261100,1.53,"1,985,673,798",697
Albania,1994,female,35-54 years,2,342500,0.58,"1,985,673,798",697
Albania,1994,female,55-74 years,1,174600,0.57,"1,985,673,798",697
Albania,1994,male,5-14 years,1,371800,0.27,"1,985,673,798",697
Albania,1994,female,5-14 years,0,344400,0,"1,985,673,798",697
Albania,1995,male,25-34 years,13,232900,5.58,"2,424,499,009",835
Albania,1995,male,55-74 years,9,178000,5.06,"2,424,499,009",835
Albania,1995,female,75+ years,2,40800,4.9,"2,424,499,009",835
Albania,1995,female,15-24 years,13,283500,4.59,"2,424,499,009",835
Albania,1995,male,15-24 years,11,241200,4.56,"2,424,499,009",835
Albania,1995,male,75+ years,1,25100,3.98,"2,424,499,009",835
Albania,1995,male,35-54 years,14,375900,3.72,"2,424,499,009",835
Albania,1995,female,25-34 years,7,264000,2.65,"2,424,499,009",835
Albania,1995,female,35-54 years,8,356400,2.24,"2,424,499,009",835
Albania,1995,male,5-14 years,6,376500,1.59,"2,424,499,009",835
Albania,1995,female,55-74 years,2,180400,1.11,"2,424,499,009",835
Albania,1995,female,5-14 years,2,348700,0.57,"2,424,499,009",835
Albania,1996,male,75+ years,2,25400,7.87,"3,314,898,292",1127
Albania,1996,male,15-24 years,17,243600,6.98,"3,314,898,292",1127
Albania,1996,male,25-34 years,14,235300,5.95,"3,314,898,292",1127
Albania,1996,female,15-24 years,16,287700,5.56,"3,314,898,292",1127
Albania,1996,female,75+ years,2,41200,4.85,"3,314,898,292",1127
Albania,1996,female,25-34 years,10,267900,3.73,"3,314,898,292",1127
Albania,1996,male,35-54 years,12,379600,3.16,"3,314,898,292",1127
Albania,1996,female,35-54 years,9,362000,2.49,"3,314,898,292",1127
Albania,1996,male,55-74 years,3,179900,1.67,"3,314,898,292",1127
Albania,1996,female,55-74 years,1,183100,0.55,"3,314,898,292",1127
Albania,1996,male,5-14 years,2,380400,0.53,"3,314,898,292",1127
Albania,1996,female,5-14 years,1,354100,0.28,"3,314,898,292",1127
Albania,1997,male,25-34 years,36,236000,15.25,"2,359,903,108",793
Albania,1997,male,15-24 years,33,244400,13.5,"2,359,903,108",793
Albania,1997,male,75+ years,3,25400,11.81,"2,359,903,108",793
Albania,1997,male,35-54 years,30,380800,7.88,"2,359,903,108",793
Albania,1997,female,15-24 years,21,294000,7.14,"2,359,903,108",793
Albania,1997,male,55-74 years,12,180300,6.66,"2,359,903,108",793
Albania,1997,female,25-34 years,16,273900,5.84,"2,359,903,108",793
Albania,1997,female,75+ years,2,42100,4.75,"2,359,903,108",793
Albania,1997,female,35-54 years,7,370100,1.89,"2,359,903,108",793
Albania,1997,female,5-14 years,6,361800,1.66,"2,359,903,108",793
Albania,1997,male,5-14 years,4,381500,1.05,"2,359,903,108",793
Albania,1997,female,55-74 years,0,187000,0,"2,359,903,108",793
Albania,1998,male,75+ years,3,25800,11.63,"2,707,123,772",899
Albania,1998,male,15-24 years,27,248800,10.85,"2,707,123,772",899
Albania,1998,female,15-24 years,32,295600,10.83,"2,707,123,772",899
Albania,1998,male,25-34 years,26,240400,10.82,"2,707,123,772",899
Albania,1998,male,35-54 years,29,388200,7.47,"2,707,123,772",899
Albania,1998,male,55-74 years,9,183800,4.9,"2,707,123,772",899
Albania,1998,female,25-34 years,10,275300,3.63,"2,707,123,772",899
Albania,1998,female,55-74 years,6,188200,3.19,"2,707,123,772",899
Albania,1998,female,35-54 years,9,372100,2.42,"2,707,123,772",899
Albania,1998,male,5-14 years,2,388400,0.51,"2,707,123,772",899
Albania,1998,female,5-14 years,1,363800,0.27,"2,707,123,772",899
Albania,1998,female,75+ years,0,42300,0,"2,707,123,772",899
Albania,1999,male,75+ years,3,25900,11.58,"3,414,760,915",1127
Albania,1999,male,15-24 years,24,250600,9.58,"3,414,760,915",1127
Albania,1999,female,75+ years,4,42400,9.43,"3,414,760,915",1127
Albania,1999,male,35-54 years,31,391100,7.93,"3,414,760,915",1127
Albania,1999,male,25-34 years,19,242300,7.84,"3,414,760,915",1127
Albania,1999,male,55-74 years,14,185200,7.56,"3,414,760,915",1127
Albania,1999,female,15-24 years,19,296800,6.4,"3,414,760,915",1127
Albania,1999,female,25-34 years,13,276500,4.7,"3,414,760,915",1127
Albania,1999,female,55-74 years,6,188800,3.18,"3,414,760,915",1127
Albania,1999,female,35-54 years,5,373600,1.34,"3,414,760,915",1127
Albania,1999,female,5-14 years,1,365200,0.27,"3,414,760,915",1127
Albania,1999,male,5-14 years,0,391300,0,"3,414,760,915",1127
Albania,2000,male,25-34 years,17,232000,7.33,"3,632,043,908",1299
Albania,2000,male,55-74 years,10,177400,5.64,"3,632,043,908",1299
Albania,2000,female,75+ years,2,37800,5.29,"3,632,043,908",1299
Albania,2000,male,75+ years,1,24900,4.02,"3,632,043,908",1299
Albania,2000,female,15-24 years,6,263900,2.27,"3,632,043,908",1299
Albania,2000,male,15-24 years,5,240000,2.08,"3,632,043,908",1299
Albania,2000,female,35-54 years,5,332200,1.51,"3,632,043,908",1299
Albania,2000,female,25-34 years,3,245800,1.22,"3,632,043,908",1299
Albania,2000,male,35-54 years,4,374700,1.07,"3,632,043,908",1299
Albania,2000,male,5-14 years,1,374900,0.27,"3,632,043,908",1299
Albania,2000,female,5-14 years,0,324700,0,"3,632,043,908",1299
Albania,2000,female,55-74 years,0,168000,0,"3,632,043,908",1299
Albania,2001,male,25-34 years,22,206484,10.65,"4,060,758,804",1451
Albania,2001,male,35-54 years,34,378826,8.98,"4,060,758,804",1451
Albania,2001,male,55-74 years,11,196670,5.59,"4,060,758,804",1451
Albania,2001,female,75+ years,2,47254,4.23,"4,060,758,804",1451
Albania,2001,male,15-24 years,10,256039,3.91,"4,060,758,804",1451
Albania,2001,female,15-24 years,9,271359,3.32,"4,060,758,804",1451
Albania,2001,female,35-54 years,12,370191,3.24,"4,060,758,804",1451
Albania,2001,male,75+ years,1,31044,3.22,"4,060,758,804",1451
Albania,2001,female,55-74 years,6,189799,3.16,"4,060,758,804",1451
Albania,2001,male,5-14 years,6,321556,1.87,"4,060,758,804",1451
Albania,2001,female,25-34 years,4,222771,1.8,"4,060,758,804",1451
Albania,2001,female,5-14 years,2,307356,0.65,"4,060,758,804",1451
Albania,2002,male,75+ years,4,31007,12.9,"4,435,078,648",1573
Albania,2002,male,25-34 years,23,206286,11.15,"4,435,078,648",1573
Albania,2002,male,35-54 years,35,382139,9.16,"4,435,078,648",1573
Albania,2002,male,55-74 years,13,198130,6.56,"4,435,078,648",1573
Albania,2002,male,15-24 years,15,263067,5.7,"4,435,078,648",1573
Albania,2002,female,15-24 years,14,275970,5.07,"4,435,078,648",1573
Albania,2002,female,35-54 years,15,375113,4,"4,435,078,648",1573
Albania,2002,female,25-34 years,7,223685,3.13,"4,435,078,648",1573
Albania,2002,female,75+ years,1,47407,2.11,"4,435,078,648",1573
Albania,2002,female,55-74 years,4,191712,2.09,"4,435,078,648",1573
Albania,2002,female,5-14 years,1,304850,0.33,"4,435,078,648",1573
Albania,2002,male,5-14 years,1,319473,0.31,"4,435,078,648",1573
Albania,2003,female,75+ years,6,49088,12.22,"5,746,945,913",2021
Albania,2003,male,55-74 years,16,201520,7.94,"5,746,945,913",2021
Albania,2003,male,35-54 years,28,386196,7.25,"5,746,945,913",2021
Albania,2003,male,15-24 years,15,273235,5.49,"5,746,945,913",2021
Albania,2003,female,15-24 years,14,283709,4.93,"5,746,945,913",2021
Albania,2003,female,55-74 years,9,195699,4.6,"5,746,945,913",2021
Albania,2003,male,25-34 years,9,205433,4.38,"5,746,945,913",2021
Albania,2003,female,25-34 years,9,222941,4.04,"5,746,945,913",2021
Albania,2003,female,35-54 years,13,381760,3.41,"5,746,945,913",2021
Albania,2003,male,75+ years,1,32667,3.06,"5,746,945,913",2021
Albania,2003,male,5-14 years,4,313204,1.28,"5,746,945,913",2021
Albania,2003,female,5-14 years,0,298477,0,"5,746,945,913",2021
Albania,2004,male,75+ years,4,35526,11.26,"7,314,865,176",2544
Albania,2004,male,35-54 years,39,391767,9.95,"7,314,865,176",2544
Albania,2004,male,25-34 years,16,203938,7.85,"7,314,865,176",2544
Albania,2004,female,15-24 years,20,292268,6.84,"7,314,865,176",2544
Albania,2004,male,15-24 years,19,286768,6.63,"7,314,865,176",2544
Albania,2004,female,75+ years,3,50970,5.89,"7,314,865,176",2544
Albania,2004,female,25-34 years,11,222389,4.95,"7,314,865,176",2544
Albania,2004,male,55-74 years,10,207202,4.83,"7,314,865,176",2544
Albania,2004,female,35-54 years,17,391436,4.34,"7,314,865,176",2544
Albania,2004,female,55-74 years,3,203841,1.47,"7,314,865,176",2544
Albania,2004,female,5-14 years,3,286705,1.05,"7,314,865,176",2544
Albania,2004,male,5-14 years,1,302181,0.33,"7,314,865,176",2544
Albania,2005,female,15-24 years,0,281922,0,"8,158,548,717",2931
Albania,2005,female,25-34 years,0,190745,0,"8,158,548,717",2931
Albania,2005,female,35-54 years,0,386513,0,"8,158,548,717",2931
Albania,2005,female,5-14 years,0,276559,0,"8,158,548,717",2931
Albania,2005,female,55-74 years,0,210998,0,"8,158,548,717",2931
Albania,2005,female,75+ years,0,53191,0,"8,158,548,717",2931
Albania,2005,male,15-24 years,0,281675,0,"8,158,548,717",2931
Albania,2005,male,25-34 years,0,177519,0,"8,158,548,717",2931
Albania,2005,male,35-54 years,0,380242,0,"8,158,548,717",2931
Albania,2005,male,5-14 years,0,291367,0,"8,158,548,717",2931
Albania,2005,male,55-74 years,0,214118,0,"8,158,548,717",2931
Albania,2005,male,75+ years,0,38471,0,"8,158,548,717",2931
Albania,2006,female,15-24 years,0,283138,0,"8,992,642,349",3235
Albania,2006,female,25-34 years,0,186391,0,"8,992,642,349",3235
Albania,2006,female,35-54 years,0,388746,0,"8,992,642,349",3235
Albania,2006,female,5-14 years,0,267316,0,"8,992,642,349",3235
Albania,2006,female,55-74 years,0,215907,0,"8,992,642,349",3235
Albania,2006,female,75+ years,0,56011,0,"8,992,642,349",3235
Albania,2006,male,15-24 years,0,286679,0,"8,992,642,349",3235
Albania,2006,male,25-34 years,0,174092,0,"8,992,642,349",3235
Albania,2006,male,35-54 years,0,379076,0,"8,992,642,349",3235
Albania,2006,male,5-14 years,0,282678,0,"8,992,642,349",3235
Albania,2006,male,55-74 years,0,219360,0,"8,992,642,349",3235
Albania,2006,male,75+ years,0,40782,0,"8,992,642,349",3235
Albania,2007,male,75+ years,8,42366,18.88,"10,701,011,897",3863
Albania,2007,male,35-54 years,29,378626,7.66,"10,701,011,897",3863
Albania,2007,male,55-74 years,14,224160,6.25,"10,701,011,897",3863
Albania,2007,female,75+ years,3,57404,5.23,"10,701,011,897",3863
Albania,2007,male,25-34 years,9,172494,5.22,"10,701,011,897",3863
Albania,2007,female,15-24 years,13,281080,4.63,"10,701,011,897",3863
Albania,2007,male,15-24 years,13,288349,4.51,"10,701,011,897",3863
Albania,2007,female,25-34 years,8,183629,4.36,"10,701,011,897",3863
Albania,2007,female,55-74 years,9,221120,4.07,"10,701,011,897",3863
Albania,2007,female,35-54 years,14,391811,3.57,"10,701,011,897",3863
Albania,2007,male,5-14 years,4,272497,1.47,"10,701,011,897",3863
Albania,2007,female,5-14 years,0,256808,0,"10,701,011,897",3863
Albania,2008,male,25-34 years,21,172855,12.15,"12,881,352,688",4672
Albania,2008,male,35-54 years,37,377119,9.81,"12,881,352,688",4672
Albania,2008,male,55-74 years,21,228672,9.18,"12,881,352,688",4672
Albania,2008,female,75+ years,5,59369,8.42,"12,881,352,688",4672
Albania,2008,female,15-24 years,20,276073,7.24,"12,881,352,688",4672
Albania,2008,female,25-34 years,9,182663,4.93,"12,881,352,688",4672
Albania,2008,female,35-54 years,19,393832,4.82,"12,881,352,688",4672
Albania,2008,male,75+ years,2,44574,4.49,"12,881,352,688",4672
Albania,2008,male,15-24 years,11,286702,3.84,"12,881,352,688",4672
Albania,2008,female,55-74 years,7,226448,3.09,"12,881,352,688",4672
Albania,2008,male,5-14 years,7,262464,2.67,"12,881,352,688",4672
Albania,2008,female,5-14 years,1,246288,0.41,"12,881,352,688",4672
Albania,2009,female,15-24 years,0,270003,0,"12,044,212,904",4387
Albania,2009,female,25-34 years,0,182712,0,"12,044,212,904",4387
Albania,2009,female,35-54 years,0,394286,0,"12,044,212,904",4387
Albania,2009,female,5-14 years,0,236174,0,"12,044,212,904",4387
Albania,2009,female,55-74 years,0,233302,0,"12,044,212,904",4387
Albania,2009,female,75+ years,0,61582,0,"12,044,212,904",4387
Albania,2009,male,15-24 years,0,283448,0,"12,044,212,904",4387
Albania,2009,male,25-34 years,0,174955,0,"12,044,212,904",4387
Albania,2009,male,35-54 years,0,374365,0,"12,044,212,904",4387
Albania,2009,male,5-14 years,0,253007,0,"12,044,212,904",4387
Albania,2009,male,55-74 years,0,234570,0,"12,044,212,904",4387
Albania,2009,male,75+ years,0,47331,0,"12,044,212,904",4387
Albania,2010,male,55-74 years,20,241852,8.27,"11,926,953,259",4359
Albania,2010,male,35-54 years,20,371611,5.38,"11,926,953,259",4359
Albania,2010,male,25-34 years,9,179720,5.01,"11,926,953,259",4359
Albania,2010,male,75+ years,2,50767,3.94,"11,926,953,259",4359
Albania,2010,male,15-24 years,10,279508,3.58,"11,926,953,259",4359
Albania,2010,female,25-34 years,6,183579,3.27,"11,926,953,259",4359
Albania,2010,female,75+ years,2,64415,3.1,"11,926,953,259",4359
Albania,2010,female,35-54 years,12,394593,3.04,"11,926,953,259",4359
Albania,2010,female,55-74 years,7,241491,2.9,"11,926,953,259",4359
Albania,2010,female,15-24 years,6,263581,2.28,"11,926,953,259",4359
Albania,2010,female,5-14 years,2,223969,0.89,"11,926,953,259",4359
Albania,2010,male,5-14 years,0,240939,0,"11,926,953,259",4359
Australia,1985,male,75+ years,67,219000,30.59,"180,190,994,861",12374
Australia,1985,male,25-34 years,357,1299100,27.48,"180,190,994,861",12374
Australia,1985,male,55-74 years,282,1177400,23.95,"180,190,994,861",12374
Australia,1985,male,15-24 years,315,1355800,23.23,"180,190,994,861",12374
Australia,1985,male,35-54 years,411,1906800,21.55,"180,190,994,861",12374
Australia,1985,female,75+ years,36,382900,9.4,"180,190,994,861",12374
Australia,1985,female,55-74 years,109,1286900,8.47,"180,190,994,861",12374
Australia,1985,female,35-54 years,143,1832700,7.8,"180,190,994,861",12374
Australia,1985,female,15-24 years,69,1304000,5.29,"180,190,994,861",12374
Australia,1985,female,25-34 years,64,1275900,5.02,"180,190,994,861",12374
Australia,1985,female,5-14 years,4,1231400,0.32,"180,190,994,861",12374
Australia,1985,male,5-14 years,4,1290600,0.31,"180,190,994,861",12374
Australia,1986,male,75+ years,89,233700,38.08,"181,977,476,217",12288
Australia,1986,male,25-34 years,367,1317500,27.86,"181,977,476,217",12288
Australia,1986,male,55-74 years,324,1211800,26.74,"181,977,476,217",12288
Australia,1986,male,35-54 years,487,1972000,24.7,"181,977,476,217",12288
Australia,1986,male,15-24 years,296,1369000,21.62,"181,977,476,217",12288
Australia,1986,female,35-54 years,169,1888100,8.95,"181,977,476,217",12288
Australia,1986,female,55-74 years,105,1306500,8.04,"181,977,476,217",12288
Australia,1986,female,25-34 years,88,1300200,6.77,"181,977,476,217",12288
Australia,1986,female,15-24 years,77,1315000,5.86,"181,977,476,217",12288
Australia,1986,female,75+ years,23,405000,5.68,"181,977,476,217",12288
Australia,1986,male,5-14 years,18,1277100,1.41,"181,977,476,217",12288
Australia,1986,female,5-14 years,1,1213900,0.08,"181,977,476,217",12288
Australia,1987,male,75+ years,111,244800,45.34,"189,041,159,344",12564
Australia,1987,male,25-34 years,374,1345900,27.79,"189,041,159,344",12564
Australia,1987,male,35-54 years,554,2031000,27.28,"189,041,159,344",12564
Australia,1987,male,55-74 years,328,1227000,26.73,"189,041,159,344",12564
Australia,1987,male,15-24 years,354,1383900,25.58,"189,041,159,344",12564
Australia,1987,female,75+ years,38,421200,9.02,"189,041,159,344",12564
Australia,1987,female,55-74 years,110,1318600,8.34,"189,041,159,344",12564
Australia,1987,female,35-54 years,145,1950500,7.43,"189,041,159,344",12564
Australia,1987,female,15-24 years,73,1329700,5.49,"189,041,159,344",12564
Australia,1987,female,25-34 years,70,1327700,5.27,"189,041,159,344",12564
Australia,1987,male,5-14 years,6,1264900,0.47,"189,041,159,344",12564
Australia,1987,female,5-14 years,1,1201300,0.08,"189,041,159,344",12564
Australia,1988,male,75+ years,93,256400,36.27,"235,699,941,793",15393
Australia,1988,male,25-34 years,398,1375100,28.94,"235,699,941,793",15393
Australia,1988,male,15-24 years,366,1395800,26.22,"235,699,941,793",15393
Australia,1988,male,55-74 years,317,1240700,25.55,"235,699,941,793",15393
Australia,1988,male,35-54 years,532,2097100,25.37,"235,699,941,793",15393
Australia,1988,female,75+ years,40,438100,9.13,"235,699,941,793",15393
Australia,1988,female,25-34 years,106,1354700,7.82,"235,699,941,793",15393
Australia,1988,female,35-54 years,157,2019000,7.78,"235,699,941,793",15393
Australia,1988,female,55-74 years,103,1330200,7.74,"235,699,941,793",15393
Australia,1988,female,15-24 years,53,1340300,3.95,"235,699,941,793",15393
Australia,1988,male,5-14 years,6,1264700,0.47,"235,699,941,793",15393
Australia,1988,female,5-14 years,1,1200000,0.08,"235,699,941,793",15393
Australia,1989,male,75+ years,91,266900,34.1,"299,317,645,143",19223
Australia,1989,male,25-34 years,406,1399000,29.02,"299,317,645,143",19223
Australia,1989,male,15-24 years,353,1399300,25.23,"299,317,645,143",19223
Australia,1989,male,55-74 years,309,1255100,24.62,"299,317,645,143",19223
Australia,1989,male,35-54 years,475,2156900,22.02,"299,317,645,143",19223
Australia,1989,female,55-74 years,124,1340300,9.25,"299,317,645,143",19223
Australia,1989,female,75+ years,31,451800,6.86,"299,317,645,143",19223
Australia,1989,female,25-34 years,87,1383800,6.29,"299,317,645,143",19223
Australia,1989,female,35-54 years,130,2086700,6.23,"299,317,645,143",19223
Australia,1989,female,15-24 years,51,1349700,3.78,"299,317,645,143",19223
Australia,1989,male,5-14 years,8,1273300,0.63,"299,317,645,143",19223
Australia,1989,female,5-14 years,1,1207800,0.08,"299,317,645,143",19223
Australia,1990,male,75+ years,87,276900,31.42,"310,838,014,621",19665
Australia,1990,male,25-34 years,418,1415000,29.54,"310,838,014,621",19665
Australia,1990,male,15-24 years,374,1405900,26.6,"310,838,014,621",19665
Australia,1990,male,55-74 years,325,1266400,25.66,"310,838,014,621",19665
Australia,1990,male,35-54 years,549,2220600,24.72,"310,838,014,621",19665
Australia,1990,female,75+ years,37,465600,7.95,"310,838,014,621",19665
Australia,1990,female,25-34 years,109,1401200,7.78,"310,838,014,621",19665
Australia,1990,female,55-74 years,98,1349000,7.26,"310,838,014,621",19665
Australia,1990,female,35-54 years,136,2154800,6.31,"310,838,014,621",19665
Australia,1990,female,15-24 years,64,1354800,4.72,"310,838,014,621",19665
Australia,1990,male,5-14 years,5,1281300,0.39,"310,838,014,621",19665
Australia,1990,female,5-14 years,0,1215500,0,"310,838,014,621",19665
Australia,1991,male,75+ years,114,287600,39.64,"325,358,292,128",20320
Australia,1991,male,25-34 years,427,1416500,30.14,"325,358,292,128",20320
Australia,1991,male,35-54 years,631,2279600,27.68,"325,358,292,128",20320
Australia,1991,male,15-24 years,354,1405900,25.18,"325,358,292,128",20320
Australia,1991,male,55-74 years,273,1282700,21.28,"325,358,292,128",20320
Australia,1991,female,75+ years,39,480900,8.11,"325,358,292,128",20320
Australia,1991,female,35-54 years,169,2219100,7.62,"325,358,292,128",20320
Australia,1991,female,55-74 years,96,1362200,7.05,"325,358,292,128",20320
Australia,1991,female,25-34 years,91,1408900,6.46,"325,358,292,128",20320
Australia,1991,female,15-24 years,84,1354900,6.2,"325,358,292,128",20320
Australia,1991,male,5-14 years,7,1290700,0.54,"325,358,292,128",20320
Australia,1991,female,5-14 years,3,1223100,0.25,"325,358,292,128",20320
Australia,1992,male,75+ years,87,298600,29.14,"324,878,105,053",20050
Australia,1992,male,25-34 years,407,1417200,28.72,"324,878,105,053",20050
Australia,1992,male,15-24 years,384,1405300,27.33,"324,878,105,053",20050
Australia,1992,male,55-74 years,325,1299600,25.01,"324,878,105,053",20050
Australia,1992,male,35-54 years,579,2336200,24.78,"324,878,105,053",20050
Australia,1992,female,75+ years,45,497100,9.05,"324,878,105,053",20050
Australia,1992,female,55-74 years,102,1376100,7.41,"324,878,105,053",20050
Australia,1992,female,25-34 years,96,1412600,6.8,"324,878,105,053",20050
Australia,1992,female,35-54 years,144,2280900,6.31,"324,878,105,053",20050
Australia,1992,female,15-24 years,76,1351300,5.62,"324,878,105,053",20050
Australia,1992,male,5-14 years,4,1298000,0.31,"324,878,105,053",20050
Australia,1992,female,5-14 years,2,1230600,0.16,"324,878,105,053",20050
Australia,1993,male,75+ years,95,307700,30.87,"311,528,948,848",19030
Australia,1993,male,25-34 years,392,1413500,27.73,"311,528,948,848",19030
Australia,1993,male,15-24 years,332,1401500,23.69,"311,528,948,848",19030
Australia,1993,male,55-74 years,293,1320700,22.19,"311,528,948,848",19030
Australia,1993,male,35-54 years,523,2389000,21.89,"311,528,948,848",19030
Australia,1993,female,35-54 years,161,2340600,6.88,"311,528,948,848",19030
Australia,1993,female,75+ years,34,510500,6.66,"311,528,948,848",19030
Australia,1993,female,25-34 years,76,1409500,5.39,"311,528,948,848",19030
Australia,1993,female,55-74 years,75,1392400,5.39,"311,528,948,848",19030
Australia,1993,female,15-24 years,50,1344900,3.72,"311,528,948,848",19030
Australia,1993,male,5-14 years,5,1303300,0.38,"311,528,948,848",19030
Australia,1993,female,5-14 years,2,1236400,0.16,"311,528,948,848",19030
Australia,1994,male,75+ years,100,315900,31.66,"322,201,314,424",19469
Australia,1994,male,25-34 years,426,1414900,30.11,"322,201,314,424",19469
Australia,1994,male,15-24 years,377,1396400,27,"322,201,314,424",19469
Australia,1994,male,35-54 years,648,2441200,26.54,"322,201,314,424",19469
Australia,1994,male,55-74 years,311,1345000,23.12,"322,201,314,424",19469
Australia,1994,female,35-54 years,162,2400300,6.75,"322,201,314,424",19469
Australia,1994,female,75+ years,33,522900,6.31,"322,201,314,424",19469
Australia,1994,female,25-34 years,88,1411500,6.23,"322,201,314,424",19469
Australia,1994,female,55-74 years,79,1411700,5.6,"322,201,314,424",19469
Australia,1994,female,15-24 years,55,1336300,4.12,"322,201,314,424",19469
Australia,1994,male,5-14 years,3,1310100,0.23,"322,201,314,424",19469
Australia,1994,female,5-14 years,1,1243200,0.08,"322,201,314,424",19469
Australia,1995,male,25-34 years,440,1421100,30.96,"367,216,364,716",21902
Australia,1995,male,75+ years,88,328300,26.8,"367,216,364,716",21902
Australia,1995,male,35-54 years,587,2507400,23.41,"367,216,364,716",21902
Australia,1995,male,15-24 years,318,1374600,23.13,"367,216,364,716",21902
Australia,1995,male,55-74 years,274,1366600,20.05,"367,216,364,716",21902
Australia,1995,female,35-54 years,180,2472200,7.28,"367,216,364,716",21902
Australia,1995,female,25-34 years,91,1417500,6.42,"367,216,364,716",21902
Australia,1995,female,15-24 years,81,1321300,6.13,"367,216,364,716",21902
Australia,1995,female,55-74 years,79,1430300,5.52,"367,216,364,716",21902
Australia,1995,female,75+ years,28,539200,5.19,"367,216,364,716",21902
Australia,1995,male,5-14 years,4,1326300,0.3,"367,216,364,716",21902
Australia,1995,female,5-14 years,0,1261500,0,"367,216,364,716",21902
Australia,1996,male,75+ years,122,346100,35.25,"400,302,731,411",23526
Australia,1996,male,25-34 years,471,1431200,32.91,"400,302,731,411",23526
Australia,1996,male,15-24 years,366,1364200,26.83,"400,302,731,411",23526
Australia,1996,male,35-54 years,669,2574500,25.99,"400,302,731,411",23526
Australia,1996,male,55-74 years,330,1387200,23.79,"400,302,731,411",23526
Australia,1996,female,35-54 years,182,2545300,7.15,"400,302,731,411",23526
Australia,1996,female,25-34 years,98,1431400,6.85,"400,302,731,411",23526
Australia,1996,female,55-74 years,86,1445900,5.95,"400,302,731,411",23526
Australia,1996,female,75+ years,28,563200,4.97,"400,302,731,411",23526
Australia,1996,female,15-24 years,59,1311800,4.5,"400,302,731,411",23526
Australia,1996,male,5-14 years,8,1339500,0.6,"400,302,731,411",23526
Australia,1996,female,5-14 years,7,1274800,0.55,"400,302,731,411",23526
Australia,1997,male,25-34 years,529,1436732,36.82,"434,568,007,513",25234
Australia,1997,male,75+ years,123,362657,33.92,"434,568,007,513",25234
Australia,1997,male,15-24 years,408,1343245,30.37,"434,568,007,513",25234
Australia,1997,male,35-54 years,717,2632245,27.24,"434,568,007,513",25234
Australia,1997,male,55-74 years,305,1415672,21.54,"434,568,007,513",25234
Australia,1997,female,35-54 years,219,2614291,8.38,"434,568,007,513",25234
Australia,1997,female,25-34 years,109,1441724,7.56,"434,568,007,513",25234
Australia,1997,female,75+ years,40,585676,6.83,"434,568,007,513",25234
Australia,1997,female,15-24 years,86,1293106,6.65,"434,568,007,513",25234
Australia,1997,female,55-74 years,96,1465721,6.55,"434,568,007,513",25234
Australia,1997,female,5-14 years,7,1283025,0.55,"434,568,007,513",25234
Australia,1997,male,5-14 years,7,1347206,0.52,"434,568,007,513",25234
Australia,1998,male,25-34 years,579,1434140,40.37,"398,899,138,574",22897
Australia,1998,male,35-54 years,773,2687916,28.76,"398,899,138,574",22897
Australia,1998,male,15-24 years,353,1330598,26.53,"398,899,138,574",22897
Australia,1998,male,75+ years,96,379719,25.28,"398,899,138,574",22897
Australia,1998,male,55-74 years,301,1444867,20.83,"398,899,138,574",22897
Australia,1998,female,25-34 years,109,1443163,7.55,"398,899,138,574",22897
Australia,1998,female,35-54 years,202,2680955,7.53,"398,899,138,574",22897
Australia,1998,female,75+ years,40,607609,6.58,"398,899,138,574",22897
Australia,1998,female,15-24 years,81,1280391,6.33,"398,899,138,574",22897
Australia,1998,female,55-74 years,90,1486036,6.06,"398,899,138,574",22897
Australia,1998,male,5-14 years,6,1355317,0.44,"398,899,138,574",22897
Australia,1998,female,5-14 years,2,1291019,0.15,"398,899,138,574",22897
Australia,1999,male,25-34 years,511,1431712,35.69,"388,395,162,301",22016
Australia,1999,male,75+ years,119,397612,29.93,"388,395,162,301",22016
Australia,1999,male,35-54 years,741,2733238,27.11,"388,395,162,301",22016
Australia,1999,male,15-24 years,303,1326531,22.84,"388,395,162,301",22016
Australia,1999,male,55-74 years,315,1482441,21.25,"388,395,162,301",22016
Australia,1999,female,25-34 years,117,1443911,8.1,"388,395,162,301",22016
Australia,1999,female,35-54 years,201,2735588,7.35,"388,395,162,301",22016
Australia,1999,female,15-24 years,70,1277560,5.48,"388,395,162,301",22016
Australia,1999,female,55-74 years,74,1516348,4.88,"388,395,162,301",22016
Australia,1999,female,75+ years,21,630042,3.33,"388,395,162,301",22016
Australia,1999,male,5-14 years,10,1366184,0.73,"388,395,162,301",22016
Australia,1999,female,5-14 years,6,1300535,0.46,"388,395,162,301",22016
Australia,2000,male,25-34 years,466,1430700,32.57,"415,034,227,218",23219
Australia,2000,male,75+ years,115,416077,27.64,"415,034,227,218",23219
Australia,2000,male,35-54 years,745,2769752,26.9,"415,034,227,218",23219
Australia,2000,male,15-24 years,271,1333011,20.33,"415,034,227,218",23219
Australia,2000,male,55-74 years,281,1522620,18.46,"415,034,227,218",23219
Australia,2000,female,25-34 years,106,1445332,7.33,"415,034,227,218",23219
Australia,2000,female,35-54 years,200,2782583,7.19,"415,034,227,218",23219
Australia,2000,female,15-24 years,78,1285283,6.07,"415,034,227,218",23219
Australia,2000,female,55-74 years,87,1549060,5.62,"415,034,227,218",23219
Australia,2000,female,75+ years,33,652895,5.05,"415,034,227,218",23219
Australia,2000,male,5-14 years,8,1377301,0.58,"415,034,227,218",23219
Australia,2000,female,5-14 years,1,1309796,0.08,"415,034,227,218",23219
Australia,2001,male,25-34 years,489,1427829,34.25,"378,215,090,694",20860
Australia,2001,male,35-54 years,752,2803465,26.82,"378,215,090,694",20860
Australia,2001,male,75+ years,115,437528,26.28,"378,215,090,694",20860
Australia,2001,male,15-24 years,280,1351444,20.72,"378,215,090,694",20860
Australia,2001,male,55-74 years,296,1566014,18.9,"378,215,090,694",20860
Australia,2001,female,35-54 years,226,2827367,7.99,"378,215,090,694",20860
Australia,2001,female,25-34 years,109,1445867,7.54,"378,215,090,694",20860
Australia,2001,female,75+ years,39,677113,5.76,"378,215,090,694",20860
Australia,2001,female,55-74 years,81,1585702,5.11,"378,215,090,694",20860
Australia,2001,female,15-24 years,63,1303713,4.83,"378,215,090,694",20860
Australia,2001,female,5-14 years,4,1317968,0.3,"378,215,090,694",20860
Australia,2001,male,5-14 years,4,1386873,0.29,"378,215,090,694",20860
Australia,2002,male,25-34 years,452,1433165,31.54,"394,486,709,920",21474
Australia,2002,male,35-54 years,744,2820596,26.38,"394,486,709,920",21474
Australia,2002,male,75+ years,101,456942,22.1,"394,486,709,920",21474
Australia,2002,male,15-24 years,246,1372770,17.92,"394,486,709,920",21474
Australia,2002,male,55-74 years,266,1626692,16.35,"394,486,709,920",21474
Australia,2002,female,35-54 years,213,2845525,7.49,"394,486,709,920",21474
Australia,2002,female,25-34 years,103,1444148,7.13,"394,486,709,920",21474
Australia,2002,female,55-74 years,92,1643643,5.6,"394,486,709,920",21474
Australia,2002,female,75+ years,36,696793,5.17,"394,486,709,920",21474
Australia,2002,female,15-24 years,58,1316527,4.41,"394,486,709,920",21474
Australia,2002,female,5-14 years,4,1321845,0.3,"394,486,709,920",21474
Australia,2002,male,5-14 years,4,1391412,0.29,"394,486,709,920",21474
Australia,2003,male,25-34 years,394,1437607,27.41,"466,294,700,058",25059
Australia,2003,male,35-54 years,654,2840522,23.02,"466,294,700,058",25059
Australia,2003,male,75+ years,103,476387,21.62,"466,294,700,058",25059
Australia,2003,male,15-24 years,243,1394989,17.42,"466,294,700,058",25059
Australia,2003,male,55-74 years,284,1681943,16.89,"466,294,700,058",25059
Australia,2003,female,25-34 years,106,1444160,7.34,"466,294,700,058",25059
Australia,2003,female,35-54 years,195,2868971,6.8,"466,294,700,058",25059
Australia,2003,female,55-74 years,91,1697104,5.36,"466,294,700,058",25059
Australia,2003,female,15-24 years,48,1333189,3.6,"466,294,700,058",25059
Australia,2003,female,75+ years,24,716236,3.35,"466,294,700,058",25059
Australia,2003,female,5-14 years,7,1323202,0.53,"466,294,700,058",25059
Australia,2003,male,5-14 years,7,1393719,0.5,"466,294,700,058",25059
Australia,2004,male,25-34 years,386,1441319,26.78,"611,904,253,806",32454
Australia,2004,male,75+ years,126,489016,25.77,"611,904,253,806",32454
Australia,2004,male,35-54 years,655,2868425,22.83,"611,904,253,806",32454
Australia,2004,male,55-74 years,293,1721736,17.02,"611,904,253,806",32454
Australia,2004,male,15-24 years,205,1420482,14.43,"611,904,253,806",32454
Australia,2004,female,35-54 years,183,2902618,6.3,"611,904,253,806",32454
Australia,2004,female,25-34 years,82,1446557,5.67,"611,904,253,806",32454
Australia,2004,female,75+ years,40,726532,5.51,"611,904,253,806",32454
Australia,2004,female,15-24 years,67,1364452,4.91,"611,904,253,806",32454
Australia,2004,female,55-74 years,69,1741477,3.96,"611,904,253,806",32454
Australia,2004,male,5-14 years,7,1402222,0.5,"611,904,253,806",32454
Australia,2004,female,5-14 years,1,1329715,0.08,"611,904,253,806",32454
Australia,2006,male,35-54 years,686,2894571,23.7,"745,521,862,833",39014
Australia,2006,male,75+ years,114,506926,22.49,"745,521,862,833",39014
Australia,2006,male,25-34 years,277,1442942,19.2,"745,521,862,833",39014
Australia,2006,male,55-74 years,309,1772439,17.43,"745,521,862,833",39014
Australia,2006,male,15-24 years,230,1446866,15.9,"745,521,862,833",39014
Australia,2006,female,35-54 years,195,2934459,6.65,"745,521,862,833",39014
Australia,2006,female,55-74 years,115,1798232,6.4,"745,521,862,833",39014
Australia,2006,female,75+ years,41,743060,5.52,"745,521,862,833",39014
Australia,2006,female,25-34 years,74,1444570,5.12,"745,521,862,833",39014
Australia,2006,female,15-24 years,68,1388615,4.9,"745,521,862,833",39014
Australia,2006,male,5-14 years,7,1404186,0.5,"745,521,862,833",39014
Australia,2006,female,5-14 years,1,1332380,0.08,"745,521,862,833",39014
Australia,2007,male,25-34 years,341,1470431,23.19,"851,962,785,585",43171
Australia,2007,male,35-54 years,687,2977977,23.07,"851,962,785,585",43171
Australia,2007,male,75+ years,124,539184,23,"851,962,785,585",43171
Australia,2007,male,55-74 years,305,1877160,16.25,"851,962,785,585",43171
Australia,2007,male,15-24 years,234,1515524,15.44,"851,962,785,585",43171
Australia,2007,female,35-54 years,219,3025248,7.24,"851,962,785,585",43171
Australia,2007,female,55-74 years,118,1911478,6.17,"851,962,785,585",43171
Australia,2007,female,25-34 years,90,1460752,6.16,"851,962,785,585",43171
Australia,2007,female,15-24 years,66,1440419,4.58,"851,962,785,585",43171
Australia,2007,female,75+ years,33,770691,4.28,"851,962,785,585",43171
Australia,2007,male,5-14 years,8,1408182,0.57,"851,962,785,585",43171
Australia,2007,female,5-14 years,4,1337384,0.3,"851,962,785,585",43171
Australia,2008,male,35-54 years,765,3015761,25.37,"1,052,584,601,611",52315
Australia,2008,male,25-34 years,354,1512033,23.41,"1,052,584,601,611",52315
Australia,2008,male,75+ years,121,552931,21.88,"1,052,584,601,611",52315
Australia,2008,male,55-74 years,357,1935161,18.45,"1,052,584,601,611",52315
Australia,2008,male,15-24 years,228,1560974,14.61,"1,052,584,601,611",52315
Australia,2008,female,35-54 years,231,3066609,7.53,"1,052,584,601,611",52315
Australia,2008,female,25-34 years,90,1494968,6.02,"1,052,584,601,611",52315
Australia,2008,female,55-74 years,97,1974752,4.91,"1,052,584,601,611",52315
Australia,2008,female,15-24 years,60,1473105,4.07,"1,052,584,601,611",52315
Australia,2008,female,75+ years,27,781742,3.45,"1,052,584,601,611",52315
Australia,2008,male,5-14 years,8,1411650,0.57,"1,052,584,601,611",52315
Australia,2008,female,5-14 years,3,1340626,0.22,"1,052,584,601,611",52315
Australia,2009,male,35-54 years,755,3051649,24.74,"926,448,240,318",45128
Australia,2009,male,75+ years,135,566784,23.82,"926,448,240,318",45128
Australia,2009,male,25-34 years,336,1567118,21.44,"926,448,240,318",45128
Australia,2009,male,55-74 years,349,1991883,17.52,"926,448,240,318",45128
Australia,2009,male,15-24 years,210,1605456,13.08,"926,448,240,318",45128
Australia,2009,female,35-54 years,221,3104929,7.12,"926,448,240,318",45128
Australia,2009,female,25-34 years,103,1541393,6.68,"926,448,240,318",45128
Australia,2009,female,55-74 years,116,2037989,5.69,"926,448,240,318",45128
Australia,2009,female,75+ years,43,792218,5.43,"926,448,240,318",45128
Australia,2009,female,15-24 years,66,1506719,4.38,"926,448,240,318",45128
Australia,2009,female,5-14 years,3,1345910,0.22,"926,448,240,318",45128
Australia,2009,male,5-14 years,0,1417269,0,"926,448,240,318",45128
Australia,2010,male,35-54 years,816,3076853,26.52,"1,144,260,547,873",54887
Australia,2010,male,75+ years,151,582009,25.94,"1,144,260,547,873",54887
Australia,2010,male,25-34 years,311,1606526,19.36,"1,144,260,547,873",54887
Australia,2010,male,55-74 years,360,2051197,17.55,"1,144,260,547,873",54887
Australia,2010,male,15-24 years,222,1618860,13.71,"1,144,260,547,873",54887
Australia,2010,female,35-54 years,228,3132534,7.28,"1,144,260,547,873",54887
Australia,2010,female,25-34 years,94,1579905,5.95,"1,144,260,547,873",54887
Australia,2010,female,75+ years,43,805401,5.34,"1,144,260,547,873",54887
Australia,2010,female,15-24 years,80,1521652,5.26,"1,144,260,547,873",54887
Australia,2010,female,55-74 years,104,2103428,4.94,"1,144,260,547,873",54887
Australia,2010,male,5-14 years,7,1420846,0.49,"1,144,260,547,873",54887
Australia,2010,female,5-14 years,4,1348336,0.3,"1,144,260,547,873",54887
Australia,2011,male,75+ years,146,588053,24.83,"1,394,280,784,778",66770
Australia,2011,male,35-54 years,704,3072726,22.91,"1,394,280,784,778",66770
Australia,2011,male,25-34 years,347,1610295,21.55,"1,394,280,784,778",66770
Australia,2011,male,55-74 years,366,2104816,17.39,"1,394,280,784,778",66770
Australia,2011,male,15-24 years,242,1570069,15.41,"1,394,280,784,778",66770
Australia,2011,female,35-54 years,230,3124328,7.36,"1,394,280,784,778",66770
Australia,2011,female,15-24 years,93,1495053,6.22,"1,394,280,784,778",66770
Australia,2011,female,55-74 years,118,2139108,5.52,"1,394,280,784,778",66770
Australia,2011,female,75+ years,45,817927,5.5,"1,394,280,784,778",66770
Australia,2011,female,25-34 years,85,1584036,5.37,"1,394,280,784,778",66770
Australia,2011,female,5-14 years,9,1351751,0.67,"1,394,280,784,778",66770
Australia,2011,male,5-14 years,7,1423748,0.49,"1,394,280,784,778",66770
Australia,2012,male,75+ years,158,606842,26.04,"1,543,411,012,580",72669
Australia,2012,male,35-54 years,802,3098534,25.88,"1,543,411,012,580",72669
Australia,2012,male,25-34 years,351,1657638,21.17,"1,543,411,012,580",72669
Australia,2012,male,55-74 years,396,2162980,18.31,"1,543,411,012,580",72669
Australia,2012,male,15-24 years,217,1579672,13.74,"1,543,411,012,580",72669
Australia,2012,female,35-54 years,258,3149749,8.19,"1,543,411,012,580",72669
Australia,2012,female,15-24 years,109,1503934,7.25,"1,543,411,012,580",72669
Australia,2012,female,75+ years,52,832122,6.25,"1,543,411,012,580",72669
Australia,2012,female,25-34 years,98,1630077,6.01,"1,543,411,012,580",72669
Australia,2012,female,55-74 years,123,2206179,5.58,"1,543,411,012,580",72669
Australia,2012,female,5-14 years,10,1368580,0.73,"1,543,411,012,580",72669
Australia,2012,male,5-14 years,6,1442602,0.42,"1,543,411,012,580",72669
Australia,2013,male,75+ years,160,627275,25.51,"1,573,696,522,007",72856
Australia,2013,male,35-54 years,754,3118829,24.18,"1,573,696,522,007",72856
Australia,2013,male,25-34 years,329,1702401,19.33,"1,573,696,522,007",72856
Australia,2013,male,55-74 years,418,2221866,18.81,"1,573,696,522,007",72856
Australia,2013,male,15-24 years,267,1591539,16.78,"1,573,696,522,007",72856
Australia,2013,female,35-54 years,275,3171477,8.67,"1,573,696,522,007",72856
Australia,2013,female,55-74 years,145,2276104,6.37,"1,573,696,522,007",72856
Australia,2013,female,15-24 years,95,1512779,6.28,"1,573,696,522,007",72856
Australia,2013,female,25-34 years,95,1676648,5.67,"1,573,696,522,007",72856
Australia,2013,female,75+ years,48,847577,5.66,"1,573,696,522,007",72856
Australia,2013,male,5-14 years,16,1464302,1.09,"1,573,696,522,007",72856
Australia,2013,female,5-14 years,6,1389383,0.43,"1,573,696,522,007",72856
Australia,2014,male,35-54 years,866,3130341,27.66,"1,464,955,475,994",66809
Australia,2014,male,75+ years,164,649925,25.23,"1,464,955,475,994",66809
Australia,2014,male,25-34 years,404,1730968,23.34,"1,464,955,475,994",66809
Australia,2014,male,55-74 years,471,2279114,20.67,"1,464,955,475,994",66809
Australia,2014,male,15-24 years,271,1604935,16.89,"1,464,955,475,994",66809
Australia,2014,female,35-54 years,277,3189475,8.68,"1,464,955,475,994",66809
Australia,2014,female,25-34 years,119,1716803,6.93,"1,464,955,475,994",66809
Australia,2014,female,55-74 years,157,2344644,6.7,"1,464,955,475,994",66809
Australia,2014,female,15-24 years,96,1520955,6.31,"1,464,955,475,994",66809
Australia,2014,female,75+ years,45,865915,5.2,"1,464,955,475,994",66809
Australia,2014,female,5-14 years,15,1408758,1.06,"1,464,955,475,994",66809
Australia,2014,male,5-14 years,6,1485754,0.4,"1,464,955,475,994",66809
Australia,2015,male,35-54 years,944,3149299,29.97,"1,349,034,029,453",60656
Australia,2015,male,75+ years,181,673787,26.86,"1,349,034,029,453",60656
Australia,2015,male,25-34 years,423,1762265,24,"1,349,034,029,453",60656
Australia,2015,male,55-74 years,457,2337430,19.55,"1,349,034,029,453",60656
Australia,2015,male,15-24 years,281,1608990,17.46,"1,349,034,029,453",60656
Australia,2015,female,35-54 years,294,3203643,9.18,"1,349,034,029,453",60656
Australia,2015,female,15-24 years,110,1526305,7.21,"1,349,034,029,453",60656
Australia,2015,female,25-34 years,119,1747715,6.81,"1,349,034,029,453",60656
Australia,2015,female,55-74 years,152,2411343,6.3,"1,349,034,029,453",60656
Australia,2015,female,75+ years,52,884347,5.88,"1,349,034,029,453",60656
Australia,2015,female,5-14 years,8,1428159,0.56,"1,349,034,029,453",60656
Australia,2015,male,5-14 years,6,1507502,0.4,"1,349,034,029,453",60656